{
  "train_loss": [
    0.3030393907427788,
    0.23705602407455445,
    0.1943114787340164,
    0.17288801185786723,
    0.15179899752140044,
    0.12834624603390693,
    0.1262754923850298,
    0.10672839380800724,
    0.09021815240383148,
    0.08415864646434784,
    0.07376759983599186,
    0.06293210785835981,
    0.05857921646907926,
    0.05163513623178005,
    0.055227315500378606,
    0.04914325039833784,
    0.05008006382733583,
    0.037505144476890566,
    0.03471472911536694,
    0.03168975356966257
  ],
  "val_mae": [
    21.643081665039062,
    21.431581497192383,
    18.340415954589844,
    17.91254234313965,
    17.936925888061523,
    18.48562240600586,
    19.45037269592285,
    17.176090240478516,
    17.488901138305664,
    17.341737747192383,
    17.656892776489258,
    18.380455017089844,
    17.89031219482422,
    18.8113956451416,
    19.1921329498291,
    18.328636169433594,
    17.878164291381836,
    18.053260803222656,
    17.717039108276367,
    18.238832473754883
  ],
  "ema_val_mae": [
    Infinity,
    Infinity,
    Infinity,
    Infinity,
    Infinity,
    Infinity,
    Infinity,
    Infinity,
    Infinity,
    Infinity,
    Infinity,
    Infinity,
    Infinity,
    Infinity,
    Infinity,
    Infinity,
    Infinity,
    Infinity,
    Infinity,
    Infinity
  ],
  "lr": [
    0.002,
    0.002,
    0.002,
    0.002,
    0.002,
    0.002,
    0.002,
    0.002,
    0.002,
    0.002,
    0.002,
    0.002,
    0.002,
    0.002,
    0.002,
    0.002,
    0.0014,
    0.0014,
    0.0014,
    0.0014
  ]
}