{
  "train_loss": [
    16110.48779296875,
    12128.7216796875
  ],
  "val_loss": [
    4468.76953125,
    4434.85986328125
  ],
  "lr": [
    0.0016234913078995259,
    0.0005661219964173984
  ],
  "epoch_time": [
    0.5884358882904053,
    0.09542417526245117
  ]
}