{
  "train_loss": [
    0.3277477993071079,
    0.208694217056036,
    0.17022041007876396,
    0.15198848083615302,
    0.13232036162167787,
    0.11386162571609021,
    0.09050715550780296,
    0.08528276219964027,
    0.07056607078760863,
    0.060314909741282466,
    0.056400963962078096,
    0.0539000777900219,
    0.04312425639480352,
    0.03850918591022492,
    0.03480566801503301,
    0.032209899071604015,
    0.030632550101727246,
    0.02852848285809159,
    0.02591921337880194,
    0.028388899359852074
  ],
  "val_mae": [
    0.5067318677902222,
    0.49036458134651184,
    0.47665292024612427,
    0.4522829055786133,
    0.41311877965927124,
    0.4125545620918274,
    0.3896563649177551,
    0.3559302091598511,
    0.355936199426651,
    0.350881963968277,
    0.3513534963130951,
    0.3337984085083008,
    0.3394581973552704,
    0.3343675136566162,
    0.33954793214797974,
    0.31854483485221863,
    0.31850314140319824,
    0.3003866672515869,
    0.32193514704704285,
    0.32640331983566284
  ],
  "lr": [
    0.002,
    0.002,
    0.002,
    0.002,
    0.002,
    0.002,
    0.002,
    0.002,
    0.002,
    0.002,
    0.002,
    0.002,
    0.002,
    0.002,
    0.002,
    0.002,
    0.002,
    0.002,
    0.002,
    0.002
  ]
}